parent_slug,title,slug,order,is_active,image_url
Visa,Singapore Visit Visa,visa-singapore,1,Yes,singapore-sec.webp
Visa,Dubai Visit Visa,visa-dubai,2,Yes,Dubai.webp
Visa,Indonesia Visit Visa,visa-indonesia,3,Yes,NULL
Visa,Work Visa For Australia From Pakistan,visa-work-visa-for-australia-from-pakistan,3,Yes,NULL
Visa,Dubai Tourist Visa From Pakistan,visa-dubai-tourist-visa-from-pakistan,4,No,NULL
Visa,Australia Spouse Visa From Pakistan,visa-australia-spouse-visa-from-pakistan,4,Yes,NULL
Visa,Umrah Visa UK,visa-umrah-visa-uk,4,Yes,NULL
Visa,Kenya Visit Visa,visa-kenya-visa,4,Yes,NULL
Visa,Europe Visa,visa-europe-visa,5,Yes,NULL
Visa,Canada Visit Visa Agent in Lahore,visa-canada-visit-visa-agent-in-lahore,5,Yes,NULL
Visa,UK Embassy Visa Application,visa-uk-embassy-visa-application,5,Yes,NULL
Visa,Canada Spouse Visa,visa-canada-spouse-visa,5,Yes,NULL
Visa,Schengen Visa From Pakistan,visa-schengen-visa-from-pakistan,5,No,NULL
Visa,UAE Visa From Pakistan,visa-uae-visa-from-pakistan,5,No,NULL
Visa,Dubai 2 Months Visit Visa From Pakistan,visa-dubai-2-months-visit-visa-from-pakistan,5,No,NULL
Visa,Dubai 96 Hours Visa From Pakistan UAE Visa,visa-dubai-96-hours-visa-from-pakistan-uae-visa,5,No,NULL
Visa,Dubai 48 Hours Visa From Pakistan,visa-dubai-48-hours-visa-from-pakistan,5,No,NULL
Visa,Finland Visit Visa,visa-finland-visit-visa,5,Yes,NULL
Visa,Sri Lanka Visit Visa,visa-sri-lanka-visa,5,Yes,NULL
Visa,Canada Study Visa,visa-canada-study-visa,6,Yes,NULL
Visa,Tajikistan Visit Visa,visa-tajikistan-visa,6,Yes,tajikistan.webp
Visa,Italy Visit Visa,visa-italy-visit-visa,7,Yes,NULL
Visa,UK Visit Visa Refusal,visa-uk-visit-visa-refusal,7,Yes,NULL
Visa,Thailand Visit Visa,visa-thailand-visa,7,Yes,Thailand Visit.webp
Visa,Germany Work Visa From Pakistan,visa-germany-work-visa-from-pakistan,7,Yes,NULL
Visa,US Visa Documentation Support,visa-us-visa-documentation-support,7,Yes,NULL
Visa,Sharjah Visit Visa From Pakistan,visa-sharjah-visit-visa-from-pakistan,7,No,NULL
Visa,Sharjah 3 Months Visit Visa,visa-sharjah-3-months-visit-visa,7,No,NULL
Visa,USA Visa Agent in Peshawar,visa-usa-visa-agent-in-peshawar,7,Yes,NULL
Visa,UK Sole Representative Visa,visa-uk-sole-representative-visa,8,Yes,NULL
Visa,Canada Work Visa,visa-canada-work-visa,8,Yes,NULL
Visa,UK Tourist Visa Consultant in Lahore,visa-uk-tourist-visa-consultant-in-lahore,8,Yes,NULL
Visa,US Tourist Visa,visa-us-tourist-visa,8,Yes,NULL
Visa,US B1 B2 visa,visa-us-b1-b2-visa,8,Yes,NULL
Visa,Sri Lanka Visit Visa,visa-sri-lanka-visas,8,No,NULL
Visa,Malaysia Visit Visa,visa-malaysia-visa,8,Yes,Malaysia.webp
Visa,UK Family Visit Visa,visa-uk-family-visit-visa,8,Yes,NULL
Visa,USA Visa Consultant in Lahore,visa-usa-visa-consultant-in-lahore,8,Yes,NULL
Visa,US Embassy Visa Help in Islamabad,visa-us-embassy-visa-help-in-islamabad,8,Yes,NULL
Visa,France Visit Visa,visa-france-visit-visa,8,Yes,NULL
Visa,Azerbaijan Visit Visa,visa-azerbaijan-visa,9,Yes,Azerbaijan.webp
Visa,UK Visa Agent in Peshawar,visa-uk-visa-agent-in-peshawar,9,Yes,NULL
Visa,China Visit Visa From Pakistan,visa-china-visit-visa-from-pakistan,9,Yes,NULL
Visa,Germany Visit Visa,visa-germany-visit-visa,9,Yes,NULL
Visa,UK Spouse Visa,visa-uk-spouse-visa,9,Yes,NULL
Visa,EB1 Visa USA From Pakistan,visa-eb1-visa-usa-from-pakistan,9,Yes,NULL
Visa,E2 Visa USA,visa-e2-visa-usa,9,Yes,NULL
Visa,UK Visa Application Agent in Lahore,visa-uk-visa-application-agent-in-lahore,10,Yes,NULL
Visa,Uzbekistan Visit Visa,visa-uzbekistan-visa,10,Yes,NULL
Visa,Turkey Visit Visa,visa-turkey-visa,11,Yes,NULL
Visa,Cambodia Visit Visa,visa-cambodia-visit-visa,12,Yes,Cambodia.webp
Visa,Pakistan Visa,visa-pakistan,13,Yes,NULL
Visa,Umrah Visa,visa-umrah-visa,14,Yes,NULL
Visa,Vietnam Visit Visa,visa-vietnam-visit-visa,15,Yes,vitanme-3.webp
Visa,Student Visa,visa-student-study-visa,16,Yes,NULL
Visa,Uk Visit Visa,visa-uk-visit-visa,17,Yes,Thailand.jpg
Visa,Canada Visit Visa,visa-canada-visit-visa,18,Yes,NULL
Visa,Us Visit Visa,visa-us-visit-visa,19,Yes,NULL
Visa,Australia Visit Visa,visa-australia-visit-visa,20,Yes,NULL
Visa,Spain Visit Visa,visa-spain-visit-visa,21,Yes,NULL
Visa,New Zealand Visit Visa,visa-new-zealand-visit-visa,22,Yes,NULL
Visa,Uk Work Visa From Pakistan,visa-uk-work-visa-from-pakistan,23,Yes,NULL
Visa,Saudi Arabia Visit Visa,visa-saudi-arabia-one-year-multiple-personal-visit-visa,24,Yes,Thailand.jpg
Visa,Kazakhstan Visit Visa,visa-kazakhstan-visit-visa,25,Yes,NULL
Visa,Dubai Visa Price in Pakistan,visa-dubai-visa-price-in-pakistan,26,Yes,NULL
Visa,Canada Visa Consultant in Islamabad Pakistan,visa-canada-visa-consultant-in-islamabad-pakistan,28,Yes,NULL
Visa,UK Visa Consultant in Islamabad Pakistan,visa-uk-visa-consultant-in-islamabad-pakistan,29,Yes,NULL
Visa,Umrah Visa Agent in Islamabad,visa-umrah-visa-agent-in-islamabad,30,Yes,NULL
Visa,Umrah Visa Agent in Lahore,visa-umrah-visa-agent-in-lahore,31,Yes,NULL
Visa,Umrah Visa Agent in Peshawar,visa-umrah-visa-agent-in-peshawar,32,Yes,NULL
Visa,Umrah Visa Price From Pakistan,visa-umrah-visa-price-in-pakistan,33,Yes,NULL
Visa,Umrah Visa Validity From Pakistan,visa-umrah-visa-validity-from-pakistan,34,Yes,NULL